ID,Title,User Story,Work Items,Priority,Labels,Status
HH-01,Seller account signup and login,"As an artisan, I want to create an account and sign in so I can manage my shop securely.","Choose authentication approach; Build signup and login forms; Protect seller-only routes; Add validation and error handling",High,"auth, frontend, backend",Backlog
HH-02,Seller profile creation and editing,"As a seller, I want a profile page with my story and craft details so buyers can learn about me and trust my products.","Define seller profile fields; Build profile edit form; Create seller profile public page; Store profile data in the database",High,"seller-profile, frontend, backend",Backlog
HH-03,Create and edit product listings,"As a seller, I want to add and update my products so I can keep my storefront current.","Design product schema; Build add and edit listing forms; Support title, price, category, stock, and description fields; Add validation for required fields",High,"products, seller-dashboard, frontend, backend",Backlog
HH-04,Product image upload and gallery support,"As a seller, I want to upload product images so customers can clearly see what I am selling.","Choose image storage solution; Add image upload flow; Support preview, replace, and delete actions; Optimize images for responsive display",High,"media, products, frontend, backend",Backlog
HH-05,Browse marketplace catalog,"As a shopper, I want to browse all available products so I can discover handmade items that interest me.","Build product listing page; Fetch products from the database; Add category sections or landing tiles; Handle empty and loading states",High,"catalog, frontend, backend",Backlog
HH-06,Filter and sort products,"As a shopper, I want to filter products by category and price so I can find items more efficiently.","Add category filter UI; Add price range filter; Add sort options such as newest and price; Sync filter state with the URL",High,"catalog, search, frontend",Backlog
HH-07,View product details,"As a shopper, I want a product detail page with full information so I can decide whether to buy the item.","Build product detail layout; Show gallery, description, price, seller, and shipping info; Link to seller profile; Add related products section",High,"product-page, frontend, backend",Backlog
HH-08,Leave ratings and written reviews,"As a user, I want to rate a product and leave a review so I can share my experience with other shoppers.","Define review data model; Build review submission form; Display average rating and review list; Add moderation or validation rules",High,"reviews, frontend, backend",Backlog
HH-09,Shopping cart and checkout flow,"As a shopper, I want to add products to a cart and complete checkout so I can purchase handmade goods online.","Design cart state management; Build cart page and quantity controls; Choose payment integration approach; Create checkout and order confirmation flow",Medium,"ecommerce, cart, checkout, frontend, backend",Backlog
HH-10,Responsive navigation and mobile experience,"As a mobile user, I want the site to work well on my phone so I can browse and shop comfortably on any device.","Design responsive header and navigation; Build mobile menu and filter drawer; Test product grids at small breakpoints; Verify tap targets and spacing",High,"responsive, navigation, frontend, design",Backlog
HH-11,Accessibility and usability audit,"As a user with accessibility needs, I want the site to be usable with assistive technologies so I can access the marketplace independently.","Audit contrast and focus states; Check semantic HTML and landmarks; Test keyboard navigation; Review form labels and error messaging",High,"accessibility, qa, frontend",Backlog
HH-12,Deploy project and set up team workflow,"As a team member, I want a shared deployment and board workflow so the group can collaborate and review progress consistently.","Set up GitHub repository conventions; Create GitHub Project board; Define issue labels and templates; Deploy initial app to Vercel",Medium,"devops, project-management, deployment",Backlog
